"X15.2","X15.1085079249408","X15.0170158498816","X14.9255237748224","X14.8340316997632","X14.742539624704","X14.6510475496447","X14.5595554745855","X14.4680633995263","X14.3765713244671","X14.2850792494079","X14.1935871743487","X14.1020950992895","X14.0106030242303","X13.9191109491711","X13.8276188741119","X13.7361267990527","X13.6446347239934","X13.5531426489342","X13.461650573875","X13.3701584988158","X13.2786664237566","X13.1871743486974","X13.0956822736382","X13.004190198579","X12.9126981235198","X12.8212060484606","X12.7297139734013","X12.6382218983421","X12.5467298232829","X12.4620890526573","X12.384600742704","X12.3071124327508","X12.2296241227976","X12.1521358128443","X12.0746475028911","X11.9971591929378","X11.9196708829846","X11.8421825730314","X11.7646942630781","X11.6872059531249","X11.6097176431716","X11.5322293332184","X11.4547410232652","X11.3772527133119","X11.2997644033587","X11.2222760934054","X11.1447877834522","X11.067299473499","X10.9898111635457","X10.9123228535925","X10.8348345436392","X10.757346233686","X10.6798579237328","X10.6023696137795","X10.5248813038263","X10.4473929938731","X10.3699046839198","X10.2924163739666","X10.2149280640133","X10.1374397540601","X10.0599514441069","X9.98246313415361","X9.90497482420037","X9.82748651424713","X9.74999820429389","X9.67250989434065","X9.59502158438741","X9.51753327443417","X9.44004496448093","X9.36255665452769","X9.28506834457446","X9.20758003462121","X9.13009172466797","X9.05260341471473","X8.97511510476149","X8.89762679480826","X8.82013848485501","X8.74265017490178","X8.66516186494854","X8.58767355499529","X8.51018524504206","X8.43269693508882","X8.35520862513558","X8.27772031518234","X8.2002320052291","X8.12274369527586","X8.04525538532262","X7.96776707536938","X7.89027876541614","X7.8127904554629","X7.73530214550966","X7.65781383555642","X7.58032552560318","X7.50283721564994","X7.4253489056967","X7.34786059574346","X7.27037228579022","X7.19288397583698","X7.11539566588374","X7.0379073559305","X6.96041904597726","X6.88293073602402","X6.80544242607078","X6.72795411611754","X6.82871530843036","X7.030069785874","X7.23142426331763","X7.43277874076127","X7.6341332182049","X7.83548769564853","X8.03684217309216","X8.2381966505358","X8.43955112797943","X8.64090560542306","X8.8422600828667","X9.04361456031033","X9.24496903775396","X9.4463235151976","X9.64767799264123","X9.84903247008486","X10.0503869475285","X10.2517414249721","X10.4530959024158","X10.6544503798594","X10.855804857303","X11.0571593347467","X11.2585138121903","X11.4598682896339","X11.6612227670776","X11.8625772445212","X12.0639317219648","X12.2652861994085","X12.4666406768521","X12.6679951542957","X12.8693496317394","X13.070704109183","X13.2720585866266","X13.4734130640703","X13.6747675415139","X13.8761220189575","X14.0774764964012","X14.2788309738448","X14.4801854512884","X14.6815399287321","X14.8828944061757","X15.0842488836193","X14.961714140355","X14.8116927353158","X14.6616713302767","X14.5116499252375","X14.3616285201983","X14.2116071151591","X14.0615857101199","X13.9115643050808","X13.7615429000416","X13.6115214950024","X13.4615000899632","X13.311478684924","X13.1614572798848","X13.0114358748457","X12.8614144698065","X12.7113930647673","X12.5613716597281","X12.4113502546889","X12.2613288496498","X12.1113074446106","X11.9612860395714","X11.8112646345322","X11.661243229493","X11.5112218244539","X11.3612004194147","X11.2111790143755","X11.0611576093363","X10.9111362042971","X10.761114799258","X10.6110933942188","X10.4610719891796","X10.3110505841404","X10.1610291791012","X10.0110077740621","X9.86098636902288","X9.7109649639837","X9.56094355894452","X9.41092215390534","X9.26090074886615","X9.11087934382697","X8.96085793878779","X8.81083653374861","X8.66081512870943","X8.58255585244563","X8.5532194017665","X8.52388295108736","X8.49454650040822","X8.46521004972909","X8.43587359904995","X8.40653714837082","X8.37720069769168","X8.34786424701254","X8.31852779633341","X8.28919134565427","X8.25985489497514","X8.230518444296","X8.20118199361686","X8.17184554293773","X8.14250909225859","X8.11317264157945","X8.08383619090032","X8.05449974022118","X8.02516328954205","X7.99582683886291","X7.96649038818378","X7.93715393750464","X7.9078174868255","X7.87848103614637","X7.84914458546723","X7.81980813478809","X7.79047168410896","X7.76113523342982","X7.73179878275069","X7.70246233207155","X7.67312588139241","X7.64378943071328","X7.61445298003414","X7.58511652935501","X7.55578007867587","X7.52644362799673","X7.4971071773176","X7.46777072663846","X7.43843427595933","X7.40909782528019","X7.37976137460105","X7.35042492392192","X7.32108847324278","X7.29175202256365","X7.26241557188451","X7.23307912120537","X7.20374267052624","X7.1744062198471","X7.14506976916797","X7.11573331848883","X7.08639686780969","X7.05706041713056","X7.02772396645142","X6.99838751577229","X6.96905106509315","X6.93971461441401","X6.91037816373488","X6.88104171305574","X6.85170526237661","X6.82236881169747","X6.79303236101833","X6.7636959103392","X6.73435945966006","X6.70502300898093","X6.67568655830179","X6.64635010762265","X6.61701365694352","X6.58767720626438","X6.55834075558525","X6.52900430490611","X6.49966785422697","X6.47033140354784","X6.4409949528687","X6.41165850218956","X6.38232205151043","X6.35298560083129","X6.32364915015216","X6.29431269947302","X6.26497624879388","X6.23563979811475","X6.20630334743561","X6.17696689675648","X6.14763044607734","X6.1182939953982","X6.08895754471907","X6.05962109403993","X6.0302846433608","X6.00094819268166","X5.97161174200252","X5.94227529132339","X5.91293884064425","X5.88360238996512","X5.85426593928598","X5.82492948860684","X5.79559303792771","X5.76625658724857","X5.73692013656944","X5.7075836858903","X5.67824723521116","X5.64891078453203","X5.61957433385289","X5.59023788317376","X5.56090143249462","X5.53156498181548","X5.50222853113635","X5.47289208045721","X5.44355562977808","X5.41421917909894","X5.3848827284198","X5.35554627774067","X5.32620982706153","X5.2968733763824","X5.26753692570326","X5.23820047502412","X5.20886402434499","X5.20144110936555","X5.20350618133774","X5.20557125330994","X5.20763632528214","X5.20970139725434","X5.21176646922654","X5.21383154119874","X5.21589661317094","X5.21796168514314","X5.22002675711534","X5.22209182908754","X5.22415690105974","X5.22622197303194","X5.22828704500414","X5.23035211697634","X5.23241718894853","X5.23448226092073","X5.23654733289293","X5.23861240486513","X5.24067747683733","X5.24274254880953","X5.24480762078173","X5.24687269275393","X5.24893776472613","X5.25100283669833","X5.25306790867053","X5.25513298064273","X5.25719805261493","X5.25926312458712","X5.26132819655932","X5.26339326853152","X5.26545834050372","X5.26752341247592","X5.26958848444812","X5.27165355642032","X5.27371862839252","X5.27578370036472","X5.27784877233692","X5.27991384430912","X5.28197891628132","X5.28404398825352","X5.28610906022571","X5.28817413219791","X5.29023920417011","X5.29230427614231","X5.29436934811451","X5.29643442008671","X5.29849949205891","X5.30056456403111","X5.30262963600331","X5.30469470797551","X5.30675977994771","X5.30882485191991","X5.31088992389211","X5.3129549958643","X5.3150200678365","X5.3170851398087","X5.3191502117809","X5.3212152837531","X5.3232803557253","X5.3253454276975","X5.3274104996697","X5.3294755716419","X5.3315406436141","X5.3336057155863","X5.3356707875585","X5.3377358595307","X5.33980093150289","X5.34186600347509","X5.34393107544729","X5.34599614741949","X5.34806121939169","X5.35012629136389","X5.35219136333609","X5.35425643530829","X5.35632150728049","X5.35838657925269","X5.36045165122489","X5.36251672319709","X5.36458179516929","X5.36664686714149","X5.36871193911368","X5.37077701108588","X5.37284208305808","X5.37490715503028","X5.37697222700248","X5.37903729897468","X5.38110237094688","X5.38316744291908","X5.38523251489128","X5.38729758686348","X5.38936265883568","X5.39142773080788","X5.39349280278008","X5.39555787475227","X5.39762294672447","X5.39968801869667","X5.40175309066887","X5.40381816264107","X5.40588323461327","X5.40794830658547","X5.41001337855767","X5.41207845052987","X5.41414352250207","X5.41620859447427","X5.41827366644647","X5.42033873841866","X5.42240381039086","X5.42446888236306","X5.42653395433526","X5.42859902630746","X5.43066409827966","X5.43272917025186","X5.43479424222406","X5.43685931419626","X5.43892438616846","X5.44098945814066","X5.44305453011286","X5.44511960208506","X5.44718467405726","X5.44924974602946","X5.45131481800165","X5.45337988997385","X5.45544496194605","X5.45751003391825","X5.45957510589045","X5.46164017786265","X5.46370524983485","X5.46577032180705","X5.46783539377925","X5.46990046575145","X5.47196553772365","X5.47403060969585","X5.47609568166804","X5.47816075364024","X5.48022582561244","X5.48229089758464","X5.48435596955684","X5.48642104152904","X5.48848611350124","X5.49055118547344","X5.49261625744564","X5.49468132941784","X5.49674640139004","X5.49881147336224","X5.50087654533444","X5.50294161730664","X5.50500668927883","X5.50707176125103","X5.50913683322323","X5.51120190519543","X5.51326697716763","X5.51533204913983","X5.51739712111203","X5.51946219308423","X5.52152726505643","X5.52359233702863","X5.52565740900083","X5.52772248097303","X5.52978755294523","X5.53185262491742","X5.53391769688962","X5.53598276886182","X5.53804784083402","X5.54011291280622","X5.54217798477842","X5.54424305675062","X5.54630812872282","X5.54837320069502","X5.55043827266722","X5.55250334463942","X5.55456841661162","X5.55663348858382","X5.55869856055601","X5.56076363252821","X5.56282870450041","X5.56489377647261","X5.56695884844481","X5.56902392041701","X5.57108899238921","X5.57315406436141","X5.57521913633361","X5.57728420830581","X5.57934928027801","X5.58141435225021","X5.58347942422241","X5.58554449619461","X5.5876095681668","X5.589674640139","X5.5917397121112","X5.5938047840834","X5.5958698560556","X5.5979349280278","X5.6"
15.2,15.11,15.02,14.93,14.83,14.74,14.65,14.56,14.47,14.38,14.29,14.19,14.1,14.01,13.92,13.83,13.74,13.64,13.55,13.46,13.37,13.28,13.19,13.1,13,12.91,12.82,12.73,12.64,12.55,12.46,12.38,12.31,12.23,12.15,12.07,12,11.92,11.84,11.76,11.69,11.61,11.53,11.45,11.38,11.3,11.22,11.14,11.07,10.99,10.91,10.83,10.76,10.68,10.6,10.52,10.45,10.37,10.29,10.21,10.14,10.06,9.98,9.9,9.83,9.75,9.67,9.6,9.52,9.44,9.36,9.29,9.21,9.13,9.05,8.98,8.9,8.82,8.74,8.67,8.59,8.51,8.43,8.36,8.28,8.2,8.12,8.05,7.97,7.89,7.81,7.74,7.66,7.58,7.5,7.43,7.35,7.27,7.19,7.12,7.04,6.96,6.88,6.81,6.73,6.83,7.03,7.23,7.43,7.63,7.84,8.04,8.24,8.44,8.64,8.84,9.04,9.24,9.45,9.65,9.85,10.05,10.25,10.45,10.65,10.86,11.06,11.26,11.46,11.66,11.86,12.06,12.27,12.47,12.67,12.87,13.07,13.27,13.47,13.67,13.88,14.08,14.28,14.48,14.68,14.88,15.08,14.96,14.81,14.66,14.51,14.36,14.21,14.06,13.91,13.76,13.61,13.46,13.31,13.16,13.01,12.86,12.71,12.56,12.41,12.26,12.11,11.96,11.81,11.66,11.51,11.36,11.21,11.06,10.91,10.76,10.61,10.46,10.31,10.16,10.01,9.86,9.71,9.56,9.41,9.26,9.11,8.96,8.81,8.66,8.58,8.55,8.52,8.49,8.47,8.44,8.41,8.38,8.35,8.32,8.29,8.26,8.23,8.2,8.17,8.14,8.11,8.08,8.05,8.03,8,7.97,7.94,7.91,7.88,7.85,7.82,7.79,7.76,7.73,7.7,7.67,7.64,7.61,7.59,7.56,7.53,7.5,7.47,7.44,7.41,7.38,7.35,7.32,7.29,7.26,7.23,7.2,7.17,7.15,7.12,7.09,7.06,7.03,7,6.97,6.94,6.91,6.88,6.85,6.82,6.79,6.76,6.73,6.71,6.68,6.65,6.62,6.59,6.56,6.53,6.5,6.47,6.44,6.41,6.38,6.35,6.32,6.29,6.26,6.24,6.21,6.18,6.15,6.12,6.09,6.06,6.03,6,5.97,5.94,5.91,5.88,5.85,5.82,5.8,5.77,5.74,5.71,5.68,5.65,5.62,5.59,5.56,5.53,5.5,5.47,5.44,5.41,5.38,5.36,5.33,5.3,5.27,5.24,5.21,5.2,5.2,5.21,5.21,5.21,5.21,5.21,5.22,5.22,5.22,5.22,5.22,5.23,5.23,5.23,5.23,5.23,5.24,5.24,5.24,5.24,5.24,5.25,5.25,5.25,5.25,5.26,5.26,5.26,5.26,5.26,5.27,5.27,5.27,5.27,5.27,5.28,5.28,5.28,5.28,5.28,5.29,5.29,5.29,5.29,5.29,5.3,5.3,5.3,5.3,5.3,5.31,5.31,5.31,5.31,5.32,5.32,5.32,5.32,5.32,5.33,5.33,5.33,5.33,5.33,5.34,5.34,5.34,5.34,5.34,5.35,5.35,5.35,5.35,5.35,5.36,5.36,5.36,5.36,5.36,5.37,5.37,5.37,5.37,5.37,5.38,5.38,5.38,5.38,5.39,5.39,5.39,5.39,5.39,5.4,5.4,5.4,5.4,5.4,5.41,5.41,5.41,5.41,5.41,5.42,5.42,5.42,5.42,5.42,5.43,5.43,5.43,5.43,5.43,5.44,5.44,5.44,5.44,5.45,5.45,5.45,5.45,5.45,5.46,5.46,5.46,5.46,5.46,5.47,5.47,5.47,5.47,5.47,5.48,5.48,5.48,5.48,5.48,5.49,5.49,5.49,5.49,5.49,5.5,5.5,5.5,5.5,5.51,5.51,5.51,5.51,5.51,5.52,5.52,5.52,5.52,5.52,5.53,5.53,5.53,5.53,5.53,5.54,5.54,5.54,5.54,5.54,5.55,5.55,5.55,5.55,5.55,5.56,5.56,5.56,5.56,5.56,5.57,5.57,5.57,5.57,5.58,5.58,5.58,5.58,5.58,5.59,5.59,5.59,5.59,5.59,5.6,5.6,5.6
4.6,4.63,4.67,4.7,4.74,4.77,4.81,4.84,4.88,4.91,4.95,4.98,5.02,5.05,5.09,5.12,5.16,5.19,5.23,5.26,5.3,5.33,5.36,5.4,5.43,5.47,5.5,5.54,5.57,5.61,5.64,5.68,5.71,5.75,5.78,5.82,5.85,5.89,5.92,5.96,5.99,6.03,6.06,6.09,6.13,6.16,6.2,6.23,6.27,6.3,6.34,6.37,6.41,6.44,6.48,6.51,6.55,6.58,6.62,6.65,6.69,6.72,6.76,6.79,6.83,6.86,6.89,6.93,6.96,7,7.03,7.07,7.1,7.14,7.17,7.21,7.24,7.28,7.31,7.35,7.38,7.42,7.45,7.49,7.52,7.56,7.59,7.62,7.66,7.69,7.73,7.76,7.8,7.83,7.87,7.9,7.94,7.97,8.01,8.04,8.08,8.11,8.15,8.18,8.22,8.25,8.29,8.32,8.35,8.39,8.42,8.46,8.49,8.53,8.56,8.6,8.63,8.67,8.7,8.74,8.77,8.81,8.84,8.88,8.91,8.95,8.98,9.02,9.05,9.08,9.12,9.15,9.19,9.22,9.26,9.29,9.33,9.36,9.4,9.43,9.47,9.5,9.54,9.57,9.61,9.64,9.68,9.71,9.75,9.78,9.82,9.85,9.88,9.92,9.95,9.99,10.02,10.06,10.09,10.13,10.16,10.2,10.23,10.27,10.3,10.34,10.37,10.41,10.44,10.48,10.51,10.55,10.58,10.61,10.65,10.68,10.72,10.75,10.79,10.82,10.86,10.89,10.93,10.96,11,11.03,11.07,11.1,11.09,11.09,11.08,11.07,11.06,11.06,11.05,11.04,11.03,11.03,11.02,11.01,11.01,11,10.99,10.98,10.98,10.97,10.96,10.95,10.95,10.94,10.93,10.93,10.92,10.91,10.9,10.9,10.89,10.88,10.88,10.87,10.86,10.85,10.85,10.84,10.83,10.82,10.82,10.81,10.8,10.8,10.79,10.78,10.77,10.77,10.76,10.75,10.74,10.74,10.73,10.72,10.72,10.71,10.7,10.69,10.69,10.68,10.67,10.67,10.66,10.65,10.64,10.64,10.63,10.62,10.61,10.61,10.6,10.59,10.59,10.58,10.57,10.56,10.56,10.55,10.54,10.53,10.53,10.52,10.51,10.51,10.5,10.49,10.48,10.48,10.47,10.46,10.46,10.45,10.44,10.43,10.43,10.42,10.41,10.4,10.4,10.39,10.38,10.38,10.37,10.36,10.35,10.35,10.34,10.33,10.32,10.32,10.31,10.3,10.3,10.29,10.28,10.27,10.27,10.26,10.25,10.25,10.24,10.23,10.22,10.22,10.21,10.2,10.19,10.19,10.18,10.17,10.17,10.16,10.15,10.14,10.14,10.13,10.12,10.11,10.11,10.1,10.09,10.09,10.08,10.08,10.07,10.07,10.06,10.06,10.05,10.05,10.04,10.04,10.03,10.03,10.02,10.02,10.01,10.01,10,10,9.99,9.99,9.98,9.98,9.97,9.97,9.96,9.96,9.95,9.94,9.94,9.93,9.93,9.92,9.92,9.91,9.91,9.9,9.9,9.89,9.89,9.88,9.88,9.87,9.87,9.86,9.86,9.85,9.85,9.84,9.84,9.83,9.83,9.82,9.82,9.81,9.81,9.8,9.79,9.79,9.78,9.78,9.77,9.77,9.76,9.76,9.75,9.75,9.74,9.74,9.73,9.73,9.72,9.72,9.71,9.71,9.7,9.7,9.69,9.69,9.68,9.68,9.67,9.67,9.66,9.66,9.65,9.64,9.64,9.63,9.63,9.62,9.62,9.61,9.61,9.6,9.6,9.59,9.59,9.58,9.58,9.57,9.57,9.56,9.56,9.55,9.55,9.54,9.54,9.53,9.53,9.52,9.52,9.51,9.51,9.5,9.49,9.49,9.48,9.48,9.47,9.47,9.46,9.46,9.45,9.45,9.44,9.44,9.43,9.43,9.42,9.42,9.41,9.41,9.4,9.4,9.39,9.39,9.38,9.38,9.37,9.37,9.36,9.36,9.35,9.34,9.34,9.33,9.33,9.32,9.32,9.31,9.31,9.3,9.3,9.29,9.29,9.28,9.28,9.27,9.27,9.26,9.26,9.25,9.25,9.24,9.24,9.23,9.23,9.22,9.22,9.21,9.21,9.2
10.8,10.78,10.76,10.74,10.72,10.7,10.68,10.66,10.64,10.62,10.6,10.58,10.56,10.54,10.52,10.5,10.48,10.46,10.44,10.42,10.4,10.38,10.36,10.34,10.32,10.3,10.28,10.26,10.24,10.22,10.2,10.18,10.16,10.14,10.12,10.1,10.08,10.06,10.04,10.03,10.01,9.99,9.97,9.95,9.93,9.91,9.89,9.87,9.85,9.83,9.81,9.79,9.77,9.75,9.73,9.71,9.69,9.67,9.65,9.63,9.61,9.59,9.57,9.55,9.53,9.51,9.49,9.47,9.45,9.43,9.41,9.39,9.37,9.35,9.33,9.31,9.29,9.27,9.25,9.23,9.21,9.19,9.17,9.15,9.13,9.11,9.09,9.07,9.05,9.03,9.01,8.99,8.97,8.95,8.93,8.91,8.89,8.87,8.85,8.83,8.81,8.79,8.77,8.75,8.73,8.71,8.69,8.67,8.65,8.63,8.61,8.59,8.57,8.55,8.53,8.51,8.5,8.48,8.46,8.44,8.42,8.4,8.38,8.36,8.34,8.32,8.3,8.28,8.26,8.24,8.22,8.2,8.18,8.16,8.14,8.12,8.1,8.08,8.06,8.04,8.02,8,7.98,7.96,7.94,7.92,7.9,7.88,7.86,7.84,7.82,7.8,7.78,7.76,7.74,7.72,7.7,7.68,7.66,7.64,7.62,7.6,7.58,7.56,7.54,7.52,7.5,7.48,7.46,7.44,7.42,7.4,7.38,7.36,7.34,7.32,7.3,7.28,7.26,7.24,7.22,7.2,7.18,7.16,7.14,7.12,7.1,7.08,7.06,7.04,7.02,7,6.99,6.97,6.95,6.93,6.91,6.89,6.87,6.85,6.83,6.81,6.79,6.77,6.75,6.73,6.71,6.69,6.67,6.65,6.63,6.61,6.59,6.57,6.55,6.53,6.51,6.5,6.5,6.5,6.5,6.5,6.51,6.51,6.51,6.51,6.51,6.51,6.51,6.51,6.51,6.52,6.52,6.52,6.52,6.52,6.52,6.52,6.52,6.52,6.53,6.53,6.53,6.53,6.53,6.53,6.53,6.53,6.53,6.53,6.54,6.54,6.54,6.54,6.54,6.54,6.54,6.54,6.54,6.55,6.55,6.55,6.55,6.55,6.55,6.55,6.55,6.55,6.55,6.56,6.56,6.56,6.56,6.56,6.56,6.56,6.56,6.56,6.57,6.57,6.57,6.57,6.57,6.57,6.57,6.57,6.57,6.57,6.58,6.58,6.58,6.58,6.58,6.58,6.58,6.58,6.58,6.59,6.59,6.59,6.59,6.59,6.59,6.59,6.59,6.59,6.6,6.6,6.6,6.6,6.6,6.6,6.6,6.6,6.6,6.6,6.61,6.61,6.61,6.61,6.61,6.61,6.61,6.61,6.61,6.62,6.62,6.62,6.62,6.62,6.62,6.62,6.62,6.62,6.62,6.63,6.63,6.63,6.63,6.63,6.63,6.63,6.63,6.63,6.64,6.64,6.64,6.64,6.64,6.64,6.64,6.64,6.64,6.65,6.65,6.65,6.65,6.65,6.65,6.65,6.65,6.65,6.65,6.66,6.66,6.66,6.66,6.66,6.66,6.66,6.66,6.66,6.67,6.67,6.67,6.67,6.67,6.67,6.67,6.67,6.67,6.67,6.68,6.68,6.68,6.68,6.68,6.68,6.68,6.68,6.68,6.69,6.69,6.69,6.69,6.69,6.69,6.69,6.69,6.69,6.69,6.7,6.7,6.7,6.7,6.7,6.7,6.7,6.7,6.7,6.71,6.71,6.71,6.71,6.71,6.71,6.71,6.71,6.71,6.72,6.72,6.72,6.72,6.72,6.72,6.72,6.72,6.72,6.72,6.73,6.73,6.73,6.73,6.73,6.73,6.73,6.73,6.73,6.74,6.74,6.74,6.74,6.74,6.74,6.74,6.74,6.74,6.74,6.75,6.75,6.75,6.75,6.75,6.75,6.75,6.75,6.75,6.76,6.76,6.76,6.76,6.76,6.76,6.76,6.76,6.76,6.76,6.77,6.77,6.77,6.77,6.77,6.77,6.77,6.77,6.77,6.78,6.78,6.78,6.78,6.78,6.78,6.78,6.78,6.78,6.79,6.79,6.79,6.79,6.79,6.79,6.79,6.79,6.79,6.79,6.8,6.8,6.8,6.8,6.8
10.4,10.38,10.36,10.34,10.32,10.3,10.28,10.26,10.24,10.22,10.2,10.18,10.16,10.14,10.12,10.1,10.08,10.06,10.04,10.02,10,9.98,9.96,9.93,9.91,9.89,9.87,9.85,9.83,9.81,9.79,9.77,9.75,9.73,9.71,9.69,9.67,9.65,9.63,9.61,9.59,9.57,9.55,9.53,9.51,9.49,9.47,9.45,9.43,9.41,9.39,9.37,9.35,9.33,9.31,9.29,9.27,9.25,9.23,9.21,9.19,9.17,9.15,9.13,9.11,9.09,9.07,9.05,9.02,9,8.98,8.96,8.94,8.92,8.9,8.88,8.86,8.84,8.82,8.8,8.78,8.76,8.74,8.72,8.7,8.68,8.66,8.64,8.62,8.6,8.58,8.56,8.54,8.52,8.5,8.48,8.46,8.44,8.42,8.4,8.38,8.36,8.34,8.32,8.3,8.28,8.26,8.24,8.22,8.2,8.18,8.16,8.14,8.12,8.09,8.07,8.05,8.03,8.01,7.99,7.97,7.95,7.93,7.91,7.89,7.87,7.85,7.83,7.81,7.79,7.77,7.75,7.73,7.71,7.69,7.67,7.65,7.63,7.61,7.59,7.57,7.55,7.53,7.51,7.49,7.47,7.45,7.43,7.41,7.39,7.37,7.35,7.33,7.31,7.29,7.27,7.25,7.23,7.21,7.18,7.16,7.14,7.12,7.1,7.08,7.06,7.04,7.02,7,6.98,6.96,6.94,6.92,6.9,6.88,6.86,6.84,6.82,6.8,6.78,6.76,6.74,6.72,6.7,6.68,6.66,6.64,6.62,6.6,6.61,6.62,6.63,6.64,6.64,6.65,6.66,6.67,6.68,6.69,6.7,6.71,6.71,6.72,6.73,6.74,6.75,6.76,6.77,6.78,6.79,6.79,6.8,6.81,6.82,6.83,6.84,6.85,6.86,6.86,6.87,6.88,6.89,6.9,6.91,6.92,6.93,6.93,6.94,6.95,6.96,6.97,6.98,6.99,7,7,7.01,7.02,7.03,7.04,7.05,7.06,7.07,7.07,7.08,7.09,7.09,7.05,7,6.95,6.91,6.86,6.81,6.77,6.72,6.67,6.63,6.58,6.53,6.49,6.44,6.39,6.34,6.3,6.25,6.2,6.16,6.11,6.06,6.02,5.97,5.92,5.88,5.83,5.78,5.74,5.69,5.64,5.6,5.55,5.5,5.46,5.41,5.36,5.31,5.27,5.22,5.17,5.13,5.08,5.03,5.01,5.03,5.05,5.08,5.1,5.12,5.15,5.17,5.2,5.22,5.24,5.27,5.29,5.31,5.34,5.36,5.38,5.41,5.43,5.45,5.48,5.5,5.52,5.55,5.57,5.6,5.62,5.64,5.67,5.69,5.71,5.74,5.76,5.78,5.81,5.83,5.85,5.88,5.9,5.93,5.95,5.97,6,6.02,6.04,6.07,6.09,6.11,6.14,6.16,6.18,6.21,6.23,6.25,6.28,6.3,6.33,6.35,6.37,6.4,6.4,6.39,6.39,6.39,6.38,6.38,6.38,6.37,6.37,6.37,6.36,6.36,6.36,6.35,6.35,6.35,6.34,6.34,6.34,6.33,6.33,6.33,6.32,6.32,6.32,6.31,6.31,6.31,6.3,6.3,6.3,6.29,6.29,6.29,6.28,6.28,6.28,6.27,6.27,6.27,6.26,6.26,6.26,6.25,6.25,6.25,6.24,6.24,6.24,6.23,6.23,6.23,6.22,6.22,6.22,6.21,6.21,6.2,6.2,6.2,6.19,6.19,6.19,6.18,6.18,6.18,6.17,6.17,6.17,6.16,6.16,6.16,6.15,6.15,6.15,6.14,6.14,6.14,6.13,6.13,6.13,6.12,6.12,6.12,6.11,6.11,6.11,6.1,6.1,6.14,6.19,6.25,6.3,6.35,6.4,6.45,6.5,6.55,6.6,6.65,6.7,6.76,6.81,6.86,6.91,6.96,7.01,7.06,7.11,7.16,7.21,7.26,7.32,7.37,7.42,7.47,7.52,7.57,7.62,7.67,7.72,7.77,7.82,7.88,7.93,7.98,8.03,8.08,8.13,8.18,8.23,8.28,8.33,8.39,8.44,8.49,8.54,8.59,8.64,8.69,8.74,8.79,8.84,8.89,8.95,9,9.05,9.1,9.15,9.2
5.5,5.51,5.51,5.52,5.52,5.53,5.54,5.54,5.55,5.55,5.56,5.57,5.57,5.58,5.58,5.59,5.6,5.6,5.61,5.62,5.62,5.63,5.63,5.64,5.65,5.65,5.66,5.66,5.67,5.68,5.68,5.69,5.69,5.7,5.71,5.71,5.72,5.72,5.73,5.74,5.74,5.75,5.75,5.76,5.77,5.77,5.78,5.78,5.79,5.8,5.8,5.81,5.82,5.82,5.83,5.83,5.84,5.85,5.85,5.86,5.86,5.87,5.88,5.88,5.89,5.89,5.9,5.91,5.91,5.92,5.92,5.93,5.94,5.94,5.95,5.95,5.96,5.97,5.97,5.98,5.99,5.99,6,6,6.01,6.02,6.02,6.03,6.03,6.04,6.05,6.05,6.06,6.06,6.07,6.08,6.08,6.09,6.09,6.1,6.11,6.11,6.12,6.12,6.13,6.14,6.14,6.15,6.15,6.16,6.17,6.17,6.18,6.19,6.19,6.2,6.2,6.21,6.22,6.22,6.23,6.23,6.24,6.25,6.25,6.26,6.26,6.27,6.28,6.28,6.29,6.29,6.3,6.31,6.31,6.32,6.32,6.33,6.34,6.34,6.35,6.35,6.36,6.37,6.37,6.38,6.39,6.39,6.4,6.4,6.41,6.42,6.42,6.43,6.43,6.44,6.45,6.45,6.46,6.46,6.47,6.48,6.48,6.49,6.49,6.5,6.51,6.51,6.52,6.52,6.53,6.54,6.54,6.55,6.55,6.56,6.57,6.57,6.58,6.59,6.59,6.6,6.6,6.61,6.62,6.62,6.63,6.63,6.64,6.65,6.65,6.66,6.66,6.67,6.68,6.68,6.69,6.69,6.7,6.71,6.71,6.72,6.72,6.73,6.74,6.74,6.75,6.76,6.76,6.77,6.77,6.78,6.79,6.79,6.8,6.8,6.81,6.82,6.82,6.83,6.83,6.84,6.85,6.85,6.86,6.86,6.87,6.88,6.88,6.89,6.89,6.9,6.91,6.91,6.92,6.92,6.93,6.94,6.94,6.95,6.96,6.96,6.97,6.97,6.98,6.99,6.99,7,7,7.01,7.02,7.02,7.03,7.03,7.04,7.05,7.05,7.06,7.06,7.07,7.08,7.08,7.09,7.09,7.1,7.11,7.11,7.12,7.12,7.13,7.14,7.14,7.15,7.16,7.16,7.17,7.17,7.18,7.19,7.19,7.2,7.2,7.21,7.22,7.22,7.23,7.23,7.24,7.25,7.25,7.26,7.26,7.27,7.28,7.28,7.29,7.29,7.3,7.31,7.31,7.32,7.32,7.33,7.34,7.34,7.35,7.36,7.36,7.37,7.37,7.38,7.39,7.39,7.4,7.4,7.41,7.42,7.42,7.43,7.43,7.44,7.45,7.45,7.46,7.46,7.47,7.48,7.48,7.49,7.49,7.5,7.51,7.51,7.52,7.53,7.53,7.54,7.54,7.55,7.56,7.56,7.57,7.57,7.58,7.59,7.59,7.6,7.6,7.61,7.62,7.62,7.63,7.63,7.64,7.65,7.65,7.66,7.66,7.67,7.68,7.68,7.69,7.69,7.7,7.71,7.71,7.72,7.73,7.73,7.74,7.74,7.75,7.76,7.76,7.77,7.77,7.78,7.79,7.79,7.8,7.8,7.81,7.82,7.82,7.83,7.83,7.84,7.85,7.85,7.86,7.86,7.87,7.88,7.88,7.89,7.89,7.9,7.88,7.86,7.84,7.82,7.8,7.78,7.76,7.74,7.72,7.7,7.68,7.66,7.64,7.63,7.61,7.59,7.57,7.55,7.53,7.51,7.49,7.47,7.45,7.43,7.41,7.39,7.37,7.35,7.33,7.32,7.3,7.28,7.26,7.24,7.22,7.2,7.18,7.16,7.14,7.12,7.1,7.08,7.06,7.04,7.02,7.01,6.99,6.97,6.95,6.93,6.91,6.89,6.87,6.85,6.83,6.81,6.79,6.77,6.75,6.73,6.71,6.69,6.68,6.66,6.64,6.62,6.6,6.58,6.56,6.54,6.52,6.5,6.48,6.46,6.44,6.42,6.4,6.38,6.37,6.35,6.33,6.31,6.29,6.27,6.25,6.23,6.21,6.19,6.17,6.15,6.13,6.11,6.09,6.07,6.06,6.04,6.02,6,5.98,5.96,5.94,5.92,5.9
12.1,12.09,12.07,12.06,12.05,12.04,12.02,12.01,12,11.98,11.97,11.96,11.95,11.93,11.92,11.91,11.89,11.88,11.87,11.85,11.84,11.83,11.82,11.8,11.79,11.78,11.76,11.75,11.74,11.73,11.71,11.7,11.69,11.67,11.66,11.65,11.64,11.62,11.61,11.6,11.58,11.57,11.56,11.54,11.53,11.52,11.51,11.49,11.48,11.47,11.45,11.44,11.43,11.42,11.4,11.39,11.38,11.36,11.35,11.34,11.33,11.31,11.3,11.32,11.34,11.35,11.37,11.39,11.41,11.43,11.44,11.46,11.48,11.5,11.51,11.53,11.55,11.57,11.59,11.6,11.62,11.64,11.66,11.68,11.69,11.71,11.73,11.75,11.76,11.78,11.8,11.82,11.84,11.85,11.87,11.89,11.91,11.92,11.94,11.96,11.98,12,12.01,12.03,12.05,12.07,12.08,12.1,12.12,12.14,12.16,12.17,12.19,12.21,12.23,12.25,12.26,12.28,12.3,12.32,12.33,12.35,12.37,12.39,12.41,12.42,12.44,12.46,12.48,12.49,12.51,12.53,12.55,12.57,12.58,12.6,12.62,12.64,12.65,12.67,12.69,12.71,12.73,12.74,12.76,12.78,12.8,12.82,12.83,12.85,12.87,12.89,12.9,12.92,12.94,12.96,12.98,12.99,13.01,13.03,13.05,13.06,13.08,13.1,13.12,13.14,13.15,13.17,13.19,13.21,13.23,13.24,13.26,13.28,13.3,13.31,13.33,13.35,13.37,13.39,13.4,13.42,13.44,13.46,13.47,13.49,13.51,13.53,13.55,13.56,13.58,13.6,13.58,13.56,13.54,13.52,13.49,13.47,13.45,13.43,13.41,13.39,13.37,13.35,13.32,13.3,13.28,13.26,13.24,13.22,13.2,13.18,13.15,13.13,13.11,13.09,13.07,13.05,13.03,13.01,12.98,12.96,12.94,12.92,12.9,12.88,12.86,12.84,12.82,12.79,12.77,12.75,12.73,12.71,12.69,12.67,12.65,12.62,12.6,12.58,12.56,12.54,12.52,12.5,12.48,12.45,12.43,12.41,12.39,12.37,12.35,12.33,12.31,12.28,12.26,12.24,12.22,12.2,12.18,12.16,12.14,12.11,12.09,12.07,12.05,12.03,12.01,11.99,11.97,11.94,11.92,11.9,11.88,11.86,11.84,11.82,11.8,11.77,11.75,11.73,11.71,11.69,11.67,11.65,11.63,11.6,11.58,11.56,11.54,11.52,11.5,11.48,11.46,11.43,11.41,11.39,11.37,11.35,11.33,11.31,11.3,11.31,11.31,11.32,11.32,11.33,11.33,11.34,11.34,11.35,11.35,11.36,11.36,11.37,11.37,11.38,11.38,11.39,11.39,11.4,11.4,11.41,11.41,11.42,11.42,11.43,11.43,11.44,11.44,11.45,11.45,11.46,11.46,11.47,11.47,11.48,11.48,11.49,11.49,11.5,11.5,11.51,11.51,11.52,11.52,11.53,11.53,11.54,11.54,11.55,11.55,11.56,11.56,11.57,11.57,11.58,11.58,11.59,11.59,11.6,11.6,11.61,11.61,11.62,11.62,11.63,11.63,11.64,11.64,11.65,11.65,11.66,11.66,11.67,11.67,11.68,11.68,11.69,11.69,11.7,11.7,11.71,11.71,11.72,11.72,11.73,11.73,11.74,11.74,11.75,11.75,11.76,11.76,11.77,11.77,11.78,11.78,11.79,11.79,11.8,11.8,11.81,11.81,11.82,11.82,11.83,11.83,11.84,11.84,11.85,11.85,11.86,11.86,11.87,11.87,11.88,11.88,11.89,11.89,11.9,11.9,11.91,11.91,11.92,11.92,11.93,11.93,11.94,11.94,11.95,11.95,11.96,11.96,11.97,11.97,11.98,11.98,11.99,11.99,12,12,12.01,12.01,12.02,12.02,12.03,12.03,12.04,12.04,12.05,12.05,12.06,12.06,12.07,12.07,12.08,12.08,12.09,12.09,12.1,12.1,12.11,12.11,12.12,12.12,12.13,12.13,12.14,12.14,12.15,12.15,12.16,12.16,12.17,12.17,12.18,12.18,12.19,12.19,12.2,12.2,12.21,12.21,12.22,12.22,12.23,12.23,12.24,12.24,12.25,12.25,12.26,12.26,12.27,12.27,12.28,12.28,12.29,12.29,12.3
20.1,20.03,19.97,19.9,19.84,19.77,19.71,19.64,19.58,19.51,19.45,19.38,19.31,19.25,19.18,19.12,19.05,18.99,18.92,18.86,18.79,18.73,18.66,18.59,18.53,18.46,18.4,18.33,18.27,18.2,18.14,18.07,18.01,17.94,17.87,17.81,17.74,17.68,17.61,17.55,17.48,17.42,17.35,17.29,17.22,17.16,17.09,17.02,16.96,16.89,16.83,16.76,16.7,16.63,16.57,16.5,16.44,16.37,16.3,16.24,16.17,16.11,16.04,15.98,15.91,15.85,15.78,15.72,15.65,15.58,15.52,15.45,15.39,15.32,15.26,15.2,15.23,15.26,15.29,15.31,15.34,15.37,15.4,15.42,15.45,15.48,15.51,15.53,15.56,15.59,15.62,15.64,15.67,15.7,15.73,15.75,15.78,15.81,15.84,15.86,15.89,15.92,15.95,15.97,16,16.03,16.06,16.08,16.11,16.14,16.17,16.19,16.22,16.25,16.28,16.3,16.33,16.36,16.39,16.41,16.44,16.47,16.49,16.52,16.55,16.58,16.6,16.63,16.66,16.69,16.71,16.74,16.77,16.8,16.82,16.85,16.88,16.91,16.93,16.96,16.99,17.02,17.04,17.07,17.1,17.13,17.15,17.18,17.19,17.16,17.14,17.11,17.08,17.05,17.03,17,16.97,16.94,16.92,16.89,16.86,16.83,16.81,16.78,16.75,16.72,16.7,16.67,16.64,16.61,16.59,16.56,16.53,16.5,16.48,16.45,16.42,16.39,16.37,16.34,16.31,16.28,16.26,16.23,16.2,16.17,16.15,16.12,16.08,16.03,15.98,15.93,15.88,15.83,15.78,15.72,15.67,15.62,15.57,15.52,15.47,15.42,15.36,15.31,15.26,15.21,15.16,15.11,15.06,15.01,14.95,14.9,14.85,14.8,14.75,14.7,14.65,14.59,14.54,14.49,14.44,14.39,14.34,14.29,14.23,14.18,14.13,14.08,14.03,13.98,13.93,13.88,13.82,13.77,13.72,13.67,13.62,13.57,13.52,13.46,13.41,13.36,13.31,13.26,13.21,13.16,13.11,13.05,13,12.95,12.9,13.05,13.19,13.34,13.48,13.62,13.77,13.91,14.06,14.2,14.35,14.49,14.64,14.78,14.93,15.07,15.22,15.36,15.51,15.65,15.8,15.94,16.08,16.23,16.37,16.52,16.66,16.81,16.95,17.1,17.24,17.39,17.53,17.68,17.82,17.97,18.11,18.26,18.26,18.2,18.14,18.07,18.01,17.95,17.89,17.83,17.77,17.71,17.65,17.59,17.53,17.47,17.4,17.34,17.28,17.22,17.16,17.1,17.04,16.98,16.92,16.86,16.79,16.73,16.67,16.61,16.55,16.49,16.43,16.37,16.31,16.25,16.18,16.12,16.08,16.06,16.03,16,15.97,15.94,15.92,15.89,15.86,15.83,15.8,15.78,15.75,15.72,15.69,15.66,15.64,15.61,15.58,15.55,15.53,15.5,15.47,15.44,15.41,15.39,15.36,15.33,15.3,15.27,15.25,15.22,15.19,15.14,15.1,15.06,15.02,14.98,14.94,14.9,14.86,14.82,14.78,14.73,14.69,14.65,14.61,14.57,14.53,14.49,14.45,14.41,14.36,14.32,14.28,14.24,14.2,14.16,14.12,14.08,14.04,13.99,13.95,13.91,13.87,13.83,13.79,13.75,13.71,13.67,13.62,13.58,13.54,13.5,13.46,13.42,13.38,13.34,13.3,13.26,13.21,13.17,13.13,13.09,13.05,13.01,12.97,12.93,12.89,12.84,12.8,12.76,12.72,12.68,12.64,12.6,12.56,12.52,12.47,12.43,12.39,12.35,12.31,12.27,12.23,12.24,12.37,12.5,12.63,12.75,12.88,13.01,13.14,13.27,13.4,13.53,13.65,13.78,13.91,14.04,14.17,14.3,14.43,14.55,14.68,14.81,14.94,15.07,15.2,15.32,15.45,15.58,15.71,15.84,15.97,16.1,16.22,16.35,16.48,16.61,16.74,16.87,16.89,16.89,16.88,16.87,16.86,16.85,16.85,16.84,16.83,16.82,16.81,16.81,16.8,16.79,16.78,16.78,16.77,16.76,16.75,16.74,16.74,16.73,16.72,16.71,16.7,16.53,16.19,15.85,15.51,15.17,14.82,14.48,14.14,13.8
18.4,18.38,18.36,18.34,18.33,18.31,18.29,18.27,18.25,18.23,18.21,18.2,18.18,18.16,18.14,18.12,18.1,18.09,18.07,18.05,18.03,18.01,17.99,17.97,17.96,17.94,17.92,17.9,17.88,17.86,17.84,17.83,17.81,17.79,17.77,17.75,17.73,17.72,17.7,17.68,17.66,17.64,17.62,17.6,17.59,17.57,17.55,17.53,17.51,17.51,17.52,17.54,17.55,17.57,17.58,17.6,17.62,17.63,17.65,17.66,17.68,17.69,17.71,17.72,17.74,17.76,17.77,17.79,17.8,17.82,17.83,17.85,17.87,17.88,17.9,17.91,17.93,17.94,17.96,17.97,17.99,18.01,18.02,18.04,18.05,18.07,18.08,18.1,18.11,18.13,18.15,18.16,18.18,18.19,18.16,18.08,18,17.92,17.85,17.77,17.69,17.61,17.54,17.46,17.38,17.3,17.22,17.15,17.07,16.99,16.91,16.84,16.76,16.68,16.6,16.53,16.45,16.44,16.54,16.64,16.75,16.85,16.95,17.05,17.16,17.26,17.36,17.46,17.57,17.67,17.77,17.87,17.98,18.08,18.18,18.28,18.38,18.49,18.59,18.69,18.79,18.9,19,19.1,19.2,19.31,19.41,19.51,19.61,19.72,19.82,19.92,20.02,20.13,20.23,20.33,20.43,20.53,20.6,20.59,20.59,20.58,20.57,20.57,20.56,20.56,20.55,20.54,20.54,20.53,20.53,20.52,20.51,20.51,20.5,20.5,20.49,20.48,20.48,20.47,20.47,20.46,20.45,20.45,20.44,20.44,20.43,20.42,20.42,20.41,20.41,20.38,20.12,19.85,19.59,19.33,19.06,18.8,18.53,18.27,18,17.74,17.47,17.21,16.94,16.68,16.41,16.15,15.89,15.62,15.36,15.09,14.83,14.56,14.3,14.03,13.8,13.61,13.42,13.23,13.04,12.85,12.65,12.46,12.27,12.08,11.89,11.69,11.5,11.31,11.12,10.93,10.74,10.54,10.51,10.52,10.53,10.54,10.56,10.57,10.58,10.59,10.6,10.62,10.63,10.64,10.65,10.66,10.68,10.69,10.7,10.71,10.72,10.74,10.75,10.76,10.77,10.78,10.79,10.81,10.82,10.83,10.84,10.85,10.87,10.88,10.89,10.9,10.91,10.93,10.94,10.95,10.96,10.97,10.99,11,11.01,11.02,11.03,11.04,11.06,11.07,11.08,11.09,11.1,11.12,11.13,11.14,11.15,11.16,11.18,11.19,11.2,11.21,11.22,11.23,11.25,11.26,11.27,11.28,11.29,11.3,11.29,11.29,11.28,11.28,11.27,11.27,11.26,11.25,11.25,11.24,11.24,11.23,11.23,11.22,11.22,11.21,11.21,11.2,11.2,11.19,11.18,11.18,11.17,11.17,11.16,11.16,11.15,11.15,11.14,11.14,11.13,11.13,11.12,11.12,11.11,11.1,11.1,11.09,11.09,11.08,11.08,11.07,11.07,11.06,11.06,11.05,11.05,11.04,11.04,11.03,11.02,11.02,11.01,11.01,11,11,10.99,10.99,10.98,10.98,10.97,10.97,10.96,10.96,10.95,10.94,10.94,10.93,10.93,10.92,10.92,10.91,10.91,10.9,10.86,10.81,10.76,10.7,10.65,10.6,10.54,10.49,10.43,10.38,10.33,10.27,10.22,10.17,10.11,10.06,10.01,9.95,9.9,9.85,9.79,9.74,9.69,9.63,9.58,9.53,9.47,9.42,9.37,9.31,9.26,9.21,9.15,9.1,9.04,8.98,8.91,8.85,8.79,8.73,8.67,8.6,8.54,8.48,8.42,8.36,8.3,8.23,8.17,8.11,8.05,7.99,7.93,7.86,7.8,7.74,7.68,7.62,7.56,7.49,7.43,7.37,7.31,7.25,7.19,7.12,7.06,7,6.94,6.88,6.82,6.75,6.69,6.63,6.57,6.51,6.45,6.38,6.32,6.26,6.2,6.14,6.08,6.01,5.95,5.89,5.83,5.77,5.7,5.64,5.58,5.52,5.46,5.4,5.33,5.27,5.21,5.15,5.09,5.03,4.96,4.9,4.84,4.78,4.72,4.66,4.63,4.96,5.3,5.63,5.96,6.3,6.63,6.97,7.3,7.63,7.97,8.3,8.63,8.97,9.3,9.63,9.97,10.3
9.3,9.58,9.85,10.13,10.4,10.68,10.95,11.23,11.5,11.78,12.05,12.33,12.6,12.88,13.15,13.43,13.71,13.98,14.26,14.53,14.81,15.08,15.36,15.63,15.91,16.18,16.46,16.73,17.01,17.28,17.56,17.84,17.98,17.92,17.86,17.8,17.74,17.68,17.62,17.56,17.5,17.44,17.38,17.32,17.26,17.2,17.13,17.07,17.01,16.95,16.89,16.83,16.77,16.71,16.65,16.59,16.53,16.47,16.41,16.35,16.29,16.23,16.17,16.11,16.05,15.99,15.93,15.87,15.81,15.61,15.36,15.11,14.86,14.61,14.36,14.11,13.86,13.61,13.37,13.12,12.87,12.62,12.37,12.12,11.87,11.62,11.37,11.12,10.87,10.63,10.38,10.13,9.88,9.63,9.38,9.13,8.88,8.63,8.56,8.51,8.46,8.41,8.36,8.31,8.26,8.21,8.16,8.11,8.06,8.01,7.96,7.91,7.86,7.81,7.76,7.71,7.66,7.61,7.56,7.51,7.46,7.41,7.36,7.31,7.26,7.21,7.16,7.1,7.05,7,6.95,6.9,6.85,6.8,6.75,6.7,6.65,6.6,6.55,6.5,6.45,6.4,6.35,6.3,6.25,6.2,6.15,6.1,6.05,6,5.95,5.9,5.85,5.8,5.88,5.97,6.07,6.16,6.25,6.34,6.43,6.52,6.61,6.7,6.79,6.88,6.97,7.06,7.15,7.24,7.33,7.42,7.51,7.6,7.7,7.79,7.88,7.97,8.06,8.15,8.24,8.33,8.42,8.51,8.6,8.69,8.78,8.87,8.96,9.05,9.14,9.23,9.32,9.42,9.51,9.6,9.69,9.78,9.87,9.96,10.05,10.14,10.23,10.32,10.41,10.5,10.59,10.65,10.7,10.75,10.81,10.86,10.91,10.96,11.02,11.07,11.12,11.17,11.23,11.28,11.33,11.38,11.44,11.49,11.54,11.59,11.65,11.7,11.75,11.8,11.86,11.91,11.96,12.01,12.07,12.08,12.01,11.94,11.88,11.81,11.74,11.68,11.61,11.54,11.48,11.41,11.34,11.28,11.21,11.14,11.08,11.01,10.94,10.87,10.81,10.74,10.67,10.61,10.54,10.47,10.41,10.34,10.27,10.21,10.14,10.07,10.01,9.94,9.87,9.81,9.74,9.67,9.61,9.54,9.47,9.41,9.34,9.27,9.21,9.14,9.07,9.01,8.94,8.87,8.81,8.74,8.67,8.61,8.54,8.47,8.4,8.34,8.27,8.2,8.14,8.07,8,7.94,7.87,7.8,7.74,7.67,7.6,7.54,7.47,7.4,7.34,7.27,7.2,7.14,7.07,7,6.94,6.87,6.8,6.73,6.67,6.6,6.53,6.47,6.4,6.33,6.27,6.2,6.13,6.07,6,5.93,5.87,5.8,5.73,5.67,5.6,5.53,5.47,5.4,5.33,5.26,5.2,5.22,5.25,5.27,5.3,5.32,5.34,5.37,5.39,5.42,5.44,5.46,5.49,5.51,5.53,5.56,5.58,5.61,5.63,5.65,5.68,5.7,5.73,5.75,5.77,5.8,5.82,5.85,5.87,5.89,5.92,5.94,5.96,5.99,6.01,6.04,6.06,6.08,6.11,6.13,6.16,6.18,6.2,6.23,6.25,6.27,6.3,6.32,6.35,6.37,6.39,6.42,6.44,6.47,6.49,6.51,6.54,6.56,6.59,6.61,6.63,6.66,6.68,6.71,6.78,6.85,6.92,6.99,7.06,7.13,7.2,7.27,7.34,7.41,7.47,7.54,7.61,7.68,7.75,7.82,7.89,7.96,8.03,8.1,8.17,8.24,8.31,8.38,8.44,8.51,8.58,8.65,8.72,8.79,8.86,8.93,9,9.07,9.14,9.21,9.28,9.35,9.41,9.48,9.55,9.62,9.69,9.63,9.55,9.47,9.39,9.31,9.23,9.15,9.07,8.99,8.91,8.83,8.75,8.67,8.59,8.51,8.43,8.35,8.27,8.19,8.11,8.03,7.95,7.87,7.79,7.71,7.62,7.54,7.46,7.38,7.3,7.22,7.14,7.06,6.98,6.9,6.82,6.74,6.66,6.58,6.5,6.42,6.34,6.26,6.18,6.1,6.02,5.94,5.86,5.78,5.7,5.62,5.54,5.46,5.38,5.3
11.8,11.68,11.56,11.44,11.32,11.2,11.07,10.95,10.83,10.71,10.59,10.47,10.35,10.23,10.11,9.99,9.87,9.74,9.62,9.5,9.38,9.26,9.14,9.02,8.9,8.78,8.66,8.54,8.41,8.29,8.17,8.05,7.93,7.81,7.69,7.57,7.45,7.33,7.21,7.08,6.96,6.84,6.72,6.6,6.48,6.36,6.24,6.12,6,5.88,5.76,5.63,5.51,5.39,5.27,5.27,5.44,5.61,5.79,5.96,6.13,6.3,6.47,6.65,6.82,6.99,7.16,7.33,7.5,7.68,7.85,8.02,8.19,8.36,8.54,8.71,8.88,9.05,9.22,9.39,9.57,9.74,9.91,10.08,10.25,10.43,10.6,10.77,10.94,11.11,11.29,11.46,11.63,11.8,11.83,11.86,11.88,11.91,11.94,11.97,11.99,12.02,12.05,12.08,12.1,12.13,12.16,12.19,12.21,12.24,12.27,12.3,12.14,11.95,11.77,11.59,11.41,11.23,11.04,10.86,10.68,10.5,10.31,10.13,9.95,9.77,9.6,9.57,9.54,9.52,9.49,9.46,9.44,9.41,9.38,9.36,9.33,9.3,9.28,9.25,9.22,9.2,9.17,9.14,9.12,9.09,9.06,9.04,9.01,8.98,8.96,8.93,8.9,8.88,8.85,8.82,8.8,8.77,8.74,8.72,8.69,8.66,8.64,8.61,8.58,8.56,8.53,8.5,8.48,8.45,8.42,8.4,8.37,8.34,8.32,8.29,8.26,8.24,8.21,8.18,8.16,8.13,8.1,8.08,8.05,8.02,8,7.97,7.94,7.92,7.89,7.86,7.84,7.81,7.78,7.76,7.73,7.7,7.68,7.65,7.62,7.6,7.57,7.54,7.52,7.49,7.46,7.43,7.41,7.38,7.35,7.33,7.3,7.27,7.25,7.22,7.19,7.17,7.14,7.11,7.09,7.06,7.03,7.01,6.98,6.95,6.93,6.9,6.87,6.85,6.82,6.79,6.77,6.74,6.71,6.69,6.66,6.63,6.61,6.58,6.55,6.53,6.5,6.47,6.45,6.42,6.39,6.37,6.34,6.31,6.29,6.26,6.23,6.21,6.18,6.15,6.13,6.1,6.07,6.05,6.02,5.99,5.97,5.94,5.91,5.89,5.86,5.83,5.81,5.78,5.75,5.73,5.7,5.67,5.65,5.62,5.59,5.57,5.54,5.51,5.49,5.46,5.43,5.41,5.38,5.35,5.33,5.3,5.27,5.25,5.22,5.19,5.17,5.14,5.11,5.09,5.06,5.03,5.01,5,5,5,5,5,4.99,4.99,4.99,4.99,4.99,4.99,4.99,4.99,4.99,4.99,4.98,4.98,4.98,4.98,4.98,4.98,4.98,4.98,4.98,4.98,4.97,4.97,4.97,4.97,4.97,4.97,4.97,4.97,4.97,4.97,4.96,4.96,4.96,4.96,4.96,4.96,4.96,4.96,4.96,4.96,4.95,4.95,4.95,4.95,4.95,4.95,4.95,4.95,4.95,4.95,4.94,4.94,4.94,4.94,4.94,4.94,4.94,4.94,4.94,4.94,4.93,4.93,4.93,4.93,4.93,4.93,4.93,4.93,4.93,4.93,4.92,4.92,4.92,4.92,4.92,4.92,4.92,4.92,4.92,4.92,4.91,4.91,4.91,4.91,4.91,4.91,4.91,4.91,4.91,4.91,4.9,4.9,4.9,4.9,4.9,4.9,4.9,4.9,4.9,4.9,4.89,4.89,4.89,4.89,4.89,4.89,4.89,4.89,4.89,4.89,4.88,4.88,4.88,4.88,4.88,4.88,4.88,4.88,4.88,4.88,4.87,4.87,4.87,4.87,4.87,4.87,4.87,4.87,4.87,4.87,4.86,4.86,4.86,4.86,4.86,4.86,4.86,4.86,4.86,4.86,4.85,4.85,4.85,4.85,4.85,4.85,4.85,4.85,4.85,4.85,4.84,4.84,4.84,4.84,4.84,4.84,4.84,4.84,4.84,4.84,4.83,4.83,4.83,4.83,4.83,4.83,4.83,4.83,4.83,4.83,4.82,4.82,4.82,4.82,4.82,4.82,4.82,4.82,4.82,4.82,4.81,4.81,4.81,4.81,4.81,4.81,4.81,4.81,4.81,4.81,4.8,4.8,4.8,4.8,4.8,4.8
16.9,16.47,16.04,15.61,15.18,14.75,14.32,13.89,13.46,13.11,13.2,13.28,13.36,13.45,13.53,13.62,13.7,13.78,13.87,13.95,14.03,14.12,14.2,14.29,14.37,14.37,14.32,14.27,14.22,14.17,14.12,14.07,14.02,13.97,13.93,13.88,13.83,13.78,13.73,13.68,13.63,13.58,13.53,13.48,13.43,13.38,13.33,13.28,13.23,13.19,13.14,13.09,13.04,12.99,12.94,12.89,12.84,12.79,12.74,12.7,12.68,12.66,12.64,12.63,12.61,12.59,12.57,12.55,12.54,12.52,12.5,12.48,12.46,12.45,12.43,12.41,12.39,12.38,12.36,12.34,12.32,12.3,12.33,12.36,12.39,12.42,12.45,12.49,12.52,12.55,12.58,12.62,12.65,12.68,12.71,12.75,12.78,12.81,12.84,12.88,12.91,12.94,12.97,13.01,13.04,13.07,13.1,13.14,13.17,13.2,13.23,13.27,13.3,13.33,13.36,13.39,13.43,13.46,13.49,13.52,13.56,13.59,13.62,13.65,13.69,13.72,13.75,13.78,13.82,13.85,13.88,13.91,13.95,13.98,14.01,14.04,14.08,14.11,14.14,14.17,14.2,14.24,14.27,14.3,14.33,14.37,14.4,14.43,14.46,14.5,14.53,14.56,14.59,14.63,14.66,14.69,14.72,14.76,14.79,14.82,14.85,14.89,14.92,14.95,14.98,15.01,15.05,15.08,15.11,15.14,15.18,15.21,15.24,15.27,15.31,15.34,15.37,15.4,15.44,15.47,15.5,15.53,15.57,15.6,15.63,15.66,15.7,15.73,15.76,15.79,15.82,15.86,15.89,15.92,15.95,15.99,16.02,16.05,16.08,16.07,16.01,15.95,15.89,15.83,15.76,15.7,15.64,15.58,15.52,15.46,15.4,15.34,15.28,15.22,15.16,15.1,15.03,14.97,14.91,14.85,14.79,14.73,14.67,14.61,14.55,14.49,14.43,14.36,14.3,14.24,14.18,14.12,14.06,14,13.94,13.88,13.82,13.76,13.7,13.63,13.57,13.51,13.45,13.39,13.33,13.27,13.21,13.15,13.09,13.03,12.96,12.9,12.85,12.8,12.75,12.69,12.64,12.59,12.54,12.48,12.43,12.38,12.33,12.27,12.22,12.17,12.12,12.07,12.01,11.96,11.91,11.86,11.8,11.75,11.7,11.65,11.59,11.54,11.49,11.44,11.38,11.33,11.28,11.23,11.17,11.12,11.07,11.02,10.96,10.91,10.86,10.81,10.75,10.7,10.65,10.61,10.73,10.86,10.99,11.12,11.25,11.38,11.51,11.64,11.77,11.9,12.03,12.16,12.28,12.41,12.54,12.67,12.8,12.93,13.06,13.19,13.32,13.45,13.58,13.7,13.83,13.96,14.09,14.22,14.35,14.48,14.61,14.74,14.87,15,15.12,15.25,15.38,15.51,15.64,15.77,15.9,16.03,16.04,15.9,15.76,15.62,15.48,15.34,15.2,15.06,14.92,14.78,14.64,14.5,14.36,14.22,14.08,13.94,13.8,13.66,13.52,13.38,13.24,13.1,12.96,12.82,12.68,12.54,12.4,12.26,12.12,11.98,11.84,11.7,11.56,11.42,11.28,11.14,11,10.86,10.84,10.92,11,11.08,11.16,11.24,11.32,11.4,11.48,11.56,11.64,11.72,11.8,11.88,11.96,12.04,12.11,12.19,12.27,12.35,12.43,12.51,12.59,12.67,12.75,12.83,12.91,12.99,13.07,13.15,13.23,13.31,13.39,13.47,13.55,13.63,13.69,13.61,13.52,13.43,13.35,13.26,13.17,13.08,13,12.91,12.82,12.73,12.65,12.56,12.47,12.39,12.3,12.21,12.12,12.04,11.95,11.86,11.77,11.69,11.6,11.51,11.42,11.34,11.25,11.16,11.08,10.99,10.9,10.81,10.73,10.64,10.55,10.46,10.38,10.29,10.2,10.12,10.03,9.94,9.85,9.77,9.68,9.59,9.5,9.42,9.33,9.24,9.16,9.07,8.98,8.89,8.81,8.72,8.63,8.54,8.46,8.37,8.28,8.2,8.11,8.02,7.93,7.85,7.76,7.67,7.58,7.5,7.41,7.32,7.23,7.15,7.06,6.97,6.89,6.8,6.71,6.62,6.54,6.45,6.36,6.27,6.19,6.1
24.2,24.01,23.82,23.63,23.44,23.25,23.06,22.87,22.68,22.48,22.29,22.1,21.91,21.72,21.53,21.34,21.15,20.96,20.77,20.58,20.39,20.2,20.01,19.82,19.63,19.44,19.25,19.05,18.86,18.67,18.48,18.29,18.1,17.9,17.7,17.5,17.3,17.1,16.91,16.71,16.51,16.31,16.11,15.91,15.71,15.51,15.32,15.12,14.92,14.72,14.52,14.32,14.12,13.92,13.73,13.53,13.33,13.13,12.93,12.73,12.53,12.33,12.14,11.94,11.74,11.54,11.34,11.14,10.94,10.75,10.55,10.35,10.15,9.95,9.75,9.55,9.35,9.39,9.52,9.64,9.77,9.89,10.02,10.15,10.27,10.4,10.52,10.65,10.77,10.9,11.03,11.15,11.28,11.4,11.53,11.66,11.78,11.91,12.03,12.16,12.28,12.41,12.54,12.66,12.79,12.91,13.04,13.16,13.29,13.42,13.54,13.67,13.79,13.92,14.05,14.17,14.3,14.42,14.55,14.67,14.8,14.9,14.89,14.89,14.88,14.88,14.87,14.86,14.86,14.85,14.85,14.84,14.83,14.83,14.82,14.82,14.81,14.81,14.8,14.79,14.79,14.78,14.78,14.77,14.76,14.76,14.75,14.75,14.74,14.73,14.73,14.72,14.72,14.71,14.71,14.7,14.76,14.81,14.86,14.91,14.96,15.01,15.06,15.11,15.16,15.21,15.27,15.32,15.37,15.42,15.47,15.52,15.57,15.62,15.67,15.72,15.78,15.83,15.88,15.93,15.98,16.03,16.08,16.13,16.18,16.23,16.29,16.34,16.39,16.44,16.49,16.54,16.59,16.64,16.69,16.74,16.8,16.85,16.9,16.95,17,17.05,17.1,17.15,17.19,17.1,17,16.91,16.81,16.71,16.62,16.52,16.43,16.33,16.24,16.14,16.05,15.95,15.85,15.76,15.66,15.57,15.47,15.38,15.28,15.19,15.09,14.99,14.9,14.8,14.71,14.61,14.52,14.42,14.32,14.23,14.13,14.04,13.94,13.85,13.75,13.66,13.56,13.46,13.37,13.27,13.18,13.08,12.99,12.89,12.8,12.7,12.6,12.51,12.41,12.32,12.22,12.13,12.03,11.94,11.84,11.74,11.65,11.55,11.46,11.36,11.27,11.17,11.08,10.98,10.88,10.79,10.69,10.6,10.5,10.41,10.31,10.67,11.09,11.51,11.92,12.34,12.76,13.17,13.59,14.01,14.42,14.84,15.26,15.67,16.09,16.51,16.93,17.34,17.76,18.18,18.59,19.01,19.43,19.84,20.26,20.68,21.1,21.51,21.93,22.07,22.16,22.24,22.33,22.42,22.5,22.59,22.5,22.38,22.25,22.13,22.01,21.89,21.77,21.65,21.53,21.41,21.29,21.16,21.04,20.92,20.8,20.68,20.56,20.44,20.32,20.19,20.07,19.95,19.83,19.71,19.59,19.47,19.35,19.23,19.1,18.98,18.86,18.74,18.62,18.5,18.38,18.26,18.14,18.01,17.89,17.77,17.68,17.64,17.6,17.56,17.52,17.48,17.44,17.4,17.36,17.32,17.28,17.24,17.19,17.15,17.11,17.07,17.03,16.99,16.95,16.91,16.87,16.83,16.79,16.75,16.71,16.66,16.62,16.58,16.54,16.5,16.46,16.42,16.38,16.34,16.3,16.26,16.22,16.18,16.13,16.08,15.97,15.85,15.74,15.62,15.5,15.39,15.27,15.16,15.04,14.93,14.81,14.7,14.58,14.47,14.35,14.23,14.12,14,13.89,13.77,13.66,13.54,13.43,13.31,13.19,13.08,12.96,12.85,12.73,12.62,12.5,12.39,12.27,12.15,12.04,11.92,11.81,11.69,11.58,11.46,11.35,11.23,11.12,11,10.88,10.77,10.65,10.54,10.42,10.31,10.19,10.08,9.96,9.84,9.73,9.61,9.5,9.38,9.27,9.15,9.04,8.92,8.8,8.69,8.57,8.46,8.34,8.23,8.11,8,7.88,7.77,7.77,7.92,8.08,8.23,8.39,8.54,8.7,8.85,9.01,9.16,9.32,9.47,9.63,9.79,9.94,10.1,10.25,10.41,10.56,10.72,10.87,11.03,11.18,11.34,11.49,11.65,11.8,11.96,12.11,12.27,12.42,12.58,12.73,12.89,13.04,13.2
7.3,7.34,7.39,7.43,7.48,7.52,7.57,7.61,7.66,7.7,7.75,7.79,7.83,7.88,7.92,7.97,8.01,8.06,8.1,8.15,8.19,8.24,8.28,8.32,8.37,8.41,8.46,8.5,8.55,8.59,8.64,8.68,8.71,8.72,8.73,8.74,8.76,8.77,8.78,8.79,8.8,8.82,8.83,8.84,8.85,8.86,8.88,8.89,8.9,8.91,8.93,8.94,8.95,8.96,8.97,8.99,9,9.01,9.02,9.03,9.05,9.06,9.07,9.08,9.09,9.11,9.12,9.13,9.14,9.16,9.17,9.18,9.19,9.2,9.22,9.23,9.24,9.25,9.26,9.28,9.29,9.3,9.31,9.32,9.34,9.35,9.36,9.37,9.39,9.4,9.41,9.42,9.43,9.45,9.46,9.47,9.48,9.49,9.51,9.52,9.53,9.54,9.55,9.57,9.58,9.59,9.6,9.62,9.63,9.64,9.65,9.66,9.68,9.69,9.7,9.71,9.72,9.74,9.75,9.76,9.77,9.79,9.8,9.81,9.82,9.83,9.85,9.86,9.87,9.88,9.89,9.91,9.92,9.93,9.94,9.95,9.97,9.98,9.99,10,10.02,10.03,10.04,10.05,10.06,10.08,10.09,10.1,10.11,10.12,10.14,10.15,10.16,10.17,10.18,10.2,10.21,10.22,10.23,10.25,10.26,10.27,10.28,10.29,10.31,10.32,10.33,10.34,10.35,10.37,10.38,10.39,10.4,10.41,10.43,10.44,10.45,10.46,10.48,10.49,10.5,10.51,10.52,10.54,10.55,10.56,10.57,10.58,10.6,10.61,10.62,10.63,10.65,10.66,10.67,10.68,10.69,10.71,10.72,10.73,10.74,10.75,10.77,10.78,10.79,10.8,10.81,10.83,10.84,10.85,10.86,10.88,10.89,10.9,10.91,10.92,10.94,10.95,10.96,10.97,10.98,11,11.01,11.02,11.03,11.04,11.06,11.07,11.08,11.09,11.11,11.12,11.13,11.14,11.15,11.17,11.18,11.19,11.2,11.21,11.23,11.24,11.25,11.26,11.27,11.29,11.3,11.31,11.32,11.34,11.35,11.36,11.37,11.38,11.4,11.41,11.42,11.43,11.44,11.46,11.47,11.48,11.49,11.51,11.52,11.53,11.54,11.55,11.57,11.58,11.59,11.6,11.61,11.63,11.64,11.65,11.66,11.67,11.69,11.7,11.71,11.72,11.74,11.75,11.76,11.77,11.78,11.8,11.81,11.82,11.83,11.84,11.86,11.87,11.88,11.89,11.9,11.92,11.93,11.94,11.95,11.97,11.98,11.99,12,12.01,12.03,12.04,12.05,12.06,12.07,12.09,12.1,12.11,12.12,12.13,12.15,12.16,12.17,12.18,12.2,12.19,12.19,12.18,12.17,12.16,12.15,12.14,12.13,12.12,12.11,12.1,12.1,12.09,12.08,12.07,12.06,12.05,12.04,12.03,12.02,12.02,12.01,12,11.99,11.98,11.97,11.96,11.95,11.94,11.93,11.93,11.92,11.91,11.9,11.89,11.88,11.87,11.86,11.85,11.85,11.84,11.83,11.82,11.81,11.8,11.79,11.78,11.77,11.76,11.76,11.75,11.74,11.73,11.72,11.71,11.7,11.69,11.68,11.67,11.67,11.66,11.65,11.64,11.63,11.62,11.61,11.6,11.59,11.59,11.58,11.57,11.56,11.55,11.54,11.53,11.52,11.51,11.5,11.5,11.49,11.48,11.47,11.46,11.45,11.44,11.43,11.42,11.42,11.41,11.4,11.39,11.38,11.37,11.36,11.35,11.34,11.33,11.33,11.32,11.31,11.3,11.29,11.28,11.27,11.26,11.25,11.24,11.24,11.23,11.22,11.21,11.2,11.19,11.18,11.17,11.16,11.16,11.15,11.14,11.13,11.12,11.11,11.1,11.09,11.08,11.07,11.07,11.06,11.05,11.04,11.03,11.02,11.01,11,10.99,10.99,10.98,10.97,10.96,10.95,10.94,10.93,10.92,10.91,10.9,10.9,10.89,10.88,10.87,10.86,10.85,10.84,10.83,10.82,10.81,10.81,10.8,10.79,10.78,10.77,10.76,10.75,10.74,10.73,10.73,10.72,10.71,10.7,10.69,10.68,10.67,10.66,10.65,10.64,10.64,10.63,10.62,10.61,10.6
14.4,14.49,14.58,14.67,14.76,14.85,14.94,15.03,15.12,15.21,15.3,15.39,15.48,15.57,15.66,15.74,15.83,15.92,16.01,16.1,16.19,16.28,16.37,16.46,16.55,16.64,16.73,16.8,16.79,16.79,16.78,16.77,16.77,16.76,16.75,16.75,16.74,16.73,16.73,16.72,16.71,16.71,16.7,16.69,16.69,16.68,16.67,16.67,16.66,16.65,16.65,16.64,16.63,16.63,16.62,16.61,16.61,16.6,16.59,16.59,16.58,16.57,16.57,16.56,16.55,16.55,16.54,16.54,16.53,16.52,16.52,16.51,16.5,16.5,16.49,16.48,16.48,16.47,16.46,16.46,16.45,16.44,16.44,16.43,16.42,16.42,16.41,16.4,16.4,16.39,16.38,16.38,16.37,16.36,16.36,16.35,16.34,16.34,16.33,16.32,16.32,16.31,16.3,16.34,16.5,16.66,16.82,16.98,17.14,17.29,17.45,17.61,17.77,17.93,18.09,18.25,18.41,18.56,18.72,18.88,19.04,19.2,19.36,19.52,19.68,19.83,19.99,20.15,20.31,20.47,20.63,20.79,20.94,21.1,21.26,21.42,21.58,21.74,21.74,21.64,21.54,21.44,21.34,21.24,21.14,21.04,20.94,20.84,20.74,20.64,20.54,20.44,20.34,20.24,20.14,20.04,19.94,19.84,19.74,19.64,19.54,19.44,19.34,19.24,19.14,19.04,18.94,18.84,18.74,18.64,18.54,18.44,18.34,18.24,18.14,18.04,17.94,17.84,17.74,17.64,17.54,17.44,17.34,17.24,17.14,17.04,16.94,16.84,16.74,16.64,16.54,16.44,16.34,16.23,16.13,16.03,15.93,15.83,15.73,15.63,15.53,15.43,15.33,15.23,15.13,15.03,14.93,14.83,14.73,14.63,14.53,14.43,14.33,14.23,14.13,14.03,13.93,13.83,13.73,13.63,13.64,13.7,13.76,13.82,13.88,13.94,13.99,14.05,14.11,14.17,14.23,14.29,14.35,14.41,14.47,14.53,14.59,14.65,14.7,14.76,14.82,14.88,14.94,15,15.06,15.12,15.18,15.24,15.3,15.36,15.41,15.47,15.53,15.59,15.65,15.71,15.77,15.83,15.89,16.12,16.38,16.65,16.92,17.19,17.46,17.73,17.99,18.26,18.53,18.8,19.07,19.34,19.6,19.87,20.14,20.41,20.68,20.95,21.22,21.48,21.75,22.02,22.29,22.56,22.83,23.09,23.36,23.63,23.9,24.17,24.44,24.7,24.97,25.24,25.51,25.78,26.05,26.31,26.58,26.85,27.12,27.39,27.66,27.9,27.9,27.9,27.9,27.9,27.9,27.9,27.9,27.9,27.9,27.9,27.9,27.9,27.9,27.9,27.9,27.9,27.72,27.52,27.33,27.13,26.93,26.74,26.54,26.35,26.15,25.95,25.76,25.56,25.37,25.17,24.97,24.78,24.58,24.38,24.19,23.99,23.8,23.6,23.4,23.21,23.01,22.81,22.62,22.42,22.23,22.03,21.83,21.64,21.44,21.25,21.05,20.85,20.66,20.46,20.26,20.07,19.87,19.68,19.48,19.28,19.09,18.89,18.7,18.5,18.3,18.11,17.91,17.71,17.52,17.32,17.13,16.93,16.73,16.54,16.34,16.15,15.95,15.75,15.56,15.36,15.16,14.97,14.77,14.58,14.38,14.18,13.99,13.79,13.6,13.4,13.2,13.01,12.81,12.61,12.42,12.22,12.03,11.83,11.63,11.44,11.24,11.05,10.85,10.65,10.46,10.26,10.06,9.87,9.67,9.48,9.38,9.36,9.33,9.31,9.28,9.26,9.23,9.2,9.18,9.15,9.13,9.1,9.08,9.05,9.02,9,8.97,8.95,8.92,8.9,8.87,8.84,8.82,8.79,8.77,8.74,8.72,8.69,8.66,8.64,8.61,8.59,8.56,8.54,8.51,8.48,8.46,8.43,8.41,8.38,8.36,8.33,8.3,8.28,8.25,8.23,8.2,8.18,8.15,8.13,8.1,8.07,8.05,8.02,8,7.97,7.95,7.92,7.89,7.87,7.84,7.82,7.79,7.77,7.74,7.71,7.69,7.66,7.64,7.61,7.59,7.56,7.53,7.51,7.48,7.46,7.43,7.41,7.38,7.35,7.33,7.3,7.28,7.25,7.23,7.2
17.9,17.62,17.34,17.06,16.79,16.51,16.23,15.95,15.67,15.39,15.12,14.84,14.56,14.51,14.51,14.52,14.53,14.53,14.54,14.55,14.55,14.56,14.57,14.58,14.58,14.59,14.6,14.57,14.51,14.45,14.39,14.33,14.26,14.2,14.14,14.08,14.02,13.96,13.9,13.84,13.77,13.71,13.65,13.59,13.53,13.47,13.41,13.35,13.28,13.22,13.16,13.1,13.04,12.98,12.92,12.86,12.79,12.73,12.67,12.61,12.55,12.49,12.43,12.37,12.3,12.24,12.18,12.12,12.06,12,11.94,11.88,11.81,11.75,11.69,11.63,11.57,11.51,11.45,11.39,11.32,11.26,11.2,11.14,11.08,11.02,10.96,10.9,10.83,10.77,10.71,10.65,10.59,10.53,10.47,10.41,10.34,10.28,10.22,10.16,10.1,10.04,9.98,9.92,9.89,9.88,9.86,9.85,9.84,9.82,9.81,9.8,9.78,9.77,9.76,9.74,9.73,9.72,9.7,9.69,9.68,9.66,9.65,9.64,9.62,9.61,9.6,9.58,9.57,9.56,9.54,9.53,9.52,9.5,9.49,9.48,9.46,9.45,9.44,9.42,9.41,9.4,9.38,9.37,9.36,9.34,9.33,9.32,9.3,9.29,9.28,9.26,9.25,9.24,9.22,9.21,9.2,9.18,9.17,9.15,9.14,9.13,9.11,9.1,9.09,9.07,9.06,9.05,9.03,9.02,9.01,8.99,8.98,8.97,8.95,8.94,8.93,8.91,8.9,8.89,8.87,8.86,8.85,8.83,8.82,8.81,8.79,8.78,8.77,8.75,8.74,8.73,8.71,8.7,8.69,8.67,8.66,8.65,8.63,8.62,8.61,8.59,8.58,8.57,8.55,8.54,8.53,8.51,8.5,8.49,8.47,8.46,8.45,8.43,8.42,8.41,8.39,8.38,8.37,8.35,8.34,8.33,8.31,8.3,8.29,8.27,8.26,8.25,8.23,8.22,8.21,8.19,8.18,8.17,8.15,8.14,8.13,8.11,8.1,8.09,8.07,8.06,8.05,8.03,8.02,8.01,7.99,7.98,7.97,7.95,7.94,7.93,7.91,7.9,7.89,7.89,7.88,7.88,7.87,7.87,7.86,7.86,7.85,7.85,7.84,7.84,7.83,7.83,7.82,7.82,7.81,7.81,7.8,7.8,7.79,7.79,7.78,7.78,7.77,7.77,7.76,7.76,7.75,7.75,7.74,7.74,7.73,7.73,7.72,7.72,7.71,7.71,7.7,7.7,7.69,7.69,7.68,7.68,7.67,7.67,7.66,7.66,7.65,7.65,7.64,7.64,7.63,7.63,7.62,7.62,7.61,7.61,7.6,7.6,7.59,7.59,7.58,7.58,7.57,7.57,7.56,7.56,7.55,7.55,7.54,7.54,7.53,7.53,7.52,7.52,7.51,7.51,7.5,7.5,7.49,7.48,7.48,7.47,7.47,7.46,7.46,7.45,7.45,7.44,7.44,7.43,7.43,7.42,7.42,7.41,7.41,7.4,7.4,7.4,7.4,7.39,7.39,7.39,7.39,7.39,7.38,7.38,7.38,7.38,7.38,7.37,7.37,7.37,7.37,7.36,7.36,7.36,7.36,7.36,7.35,7.35,7.35,7.35,7.35,7.34,7.34,7.34,7.34,7.34,7.33,7.33,7.33,7.33,7.33,7.32,7.32,7.32,7.32,7.32,7.31,7.31,7.31,7.31,7.31,7.3,7.3,7.3,7.3,7.3,7.29,7.29,7.29,7.29,7.29,7.28,7.28,7.28,7.28,7.28,7.27,7.27,7.27,7.27,7.27,7.26,7.26,7.26,7.26,7.25,7.25,7.25,7.25,7.25,7.24,7.24,7.24,7.24,7.24,7.23,7.23,7.23,7.23,7.23,7.22,7.22,7.22,7.22,7.22,7.21,7.21,7.21,7.21,7.21,7.2,7.2,7.2,7.2,7.2,7.19,7.19,7.19,7.19,7.19,7.18,7.18,7.18,7.18,7.18,7.17,7.17,7.17,7.17,7.17,7.16,7.16,7.16,7.16,7.16,7.15,7.15,7.15,7.15,7.14,7.14,7.14,7.14,7.14,7.13,7.13,7.13,7.13,7.13,7.12,7.12,7.12,7.12,7.12,7.11,7.11,7.11,7.11,7.11,7.1,7.1,7.1
5.4,5.6,5.79,5.99,6.18,6.38,6.57,6.77,6.96,7.16,7.35,7.55,7.74,7.94,8.13,8.33,8.52,8.72,8.91,9.1,9.11,9.13,9.14,9.15,9.17,9.18,9.19,9.2,9.22,9.23,9.24,9.26,9.27,9.28,9.29,9.31,9.32,9.33,9.35,9.36,9.37,9.39,9.4,9.41,9.42,9.44,9.45,9.46,9.48,9.49,9.5,9.51,9.53,9.54,9.55,9.57,9.58,9.59,9.61,9.62,9.63,9.64,9.66,9.67,9.68,9.7,9.71,9.72,9.74,9.75,9.76,9.77,9.79,9.8,9.81,9.83,9.84,9.85,9.86,9.88,9.89,9.9,9.92,9.93,9.94,9.96,9.97,9.98,9.99,10.01,10.02,10.03,10.05,10.06,10.07,10.08,10.1,10.11,10.12,10.14,10.15,10.16,10.18,10.19,10.2,10.21,10.23,10.24,10.25,10.27,10.28,10.29,10.3,10.32,10.33,10.34,10.36,10.37,10.38,10.4,10.41,10.42,10.43,10.45,10.46,10.47,10.49,10.5,10.51,10.52,10.54,10.55,10.56,10.58,10.59,10.6,10.62,10.63,10.64,10.65,10.67,10.68,10.69,10.71,10.72,10.73,10.75,10.76,10.77,10.78,10.8,10.81,10.82,10.84,10.85,10.86,10.87,10.89,10.9,10.91,10.93,10.94,10.95,10.97,10.98,10.99,11,11.02,11.03,11.04,11.06,11.07,11.08,11.09,11.11,11.12,11.13,11.15,11.16,11.17,11.19,11.2,11.21,11.22,11.24,11.25,11.26,11.28,11.29,11.3,11.31,11.33,11.34,11.35,11.37,11.38,11.39,11.41,11.42,11.43,11.44,11.46,11.47,11.48,11.5,11.51,11.52,11.53,11.55,11.56,11.57,11.59,11.6,11.61,11.63,11.64,11.65,11.66,11.68,11.69,11.7,11.72,11.73,11.74,11.75,11.77,11.78,11.79,11.81,11.82,11.83,11.85,11.86,11.87,11.88,11.9,11.91,11.92,11.94,11.95,11.96,11.98,11.99,12,12.01,12.03,12.04,12.05,12.07,12.08,12.09,12.1,12.12,12.13,12.14,12.16,12.17,12.18,12.2,12.21,12.22,12.23,12.25,12.26,12.27,12.29,12.3,12.31,12.32,12.34,12.35,12.36,12.38,12.39,12.4,12.42,12.43,12.44,12.45,12.47,12.48,12.49,12.51,12.52,12.53,12.54,12.56,12.57,12.58,12.6,12.61,12.62,12.64,12.65,12.66,12.67,12.69,12.7,12.71,12.73,12.74,12.75,12.76,12.78,12.79,12.8,12.82,12.83,12.84,12.86,12.87,12.88,12.89,12.91,12.92,12.93,12.95,12.96,12.97,12.99,13,13.01,13.02,13.04,13.05,13.06,13.08,13.09,13.1,13.11,13.13,13.14,13.15,13.17,13.18,13.19,13.21,13.22,13.23,13.24,13.26,13.27,13.28,13.3,13.31,13.32,13.33,13.35,13.36,13.37,13.39,13.4,13.41,13.43,13.44,13.45,13.46,13.48,13.49,13.5,13.52,13.53,13.54,13.55,13.57,13.58,13.59,13.61,13.62,13.63,13.65,13.66,13.67,13.68,13.7,13.71,13.72,13.74,13.75,13.76,13.77,13.79,13.8,13.79,13.77,13.76,13.75,13.74,13.72,13.71,13.7,13.68,13.67,13.66,13.65,13.63,13.62,13.61,13.6,13.58,13.57,13.56,13.54,13.53,13.52,13.51,13.49,13.48,13.47,13.46,13.44,13.43,13.42,13.4,13.39,13.38,13.37,13.35,13.34,13.33,13.32,13.3,13.29,13.28,13.26,13.25,13.24,13.23,13.21,13.2,13.19,13.17,13.16,13.15,13.14,13.12,13.11,13.1,13.07,13.04,13,12.97,12.94,12.91,12.88,12.85,12.82,12.79,12.76,12.73,12.7,12.67,12.64,12.61,12.58,12.55,12.52,12.48,12.45,12.42,12.39,12.36,12.33,12.3,12.27,12.24,12.21,12.18,12.15,12.12,12.09,12.06,12.03,12,11.96,11.93,11.9,11.87,11.84,11.81,11.78,11.75,11.72,11.69,11.66,11.63,11.6,11.57,11.54,11.51,11.48,11.44,11.41,11.38,11.35,11.32,11.29,11.26,11.23,11.2
